"id","table","folder_id","display_name","relative_path","file_size","file_type","extension","created_at","updated_at","created_by_id"
"237","tdyw_document_file_public","NULL","通信导航监视专业岗位能力学习手册汇编_上册.pdf.pdf","public/通信导航监视专业岗位能力学习手册汇编_上_1783418425330_8eba5d.pdf","56092472","application/pdf",".pdf","2026-07-07 18:00:25.730450","2026-07-07 18:00:25.730484","3"
"238","tdyw_document_file_public","NULL","通信导航监视专业岗位能力学习手册汇编_下册.pdf.pdf","public/通信导航监视专业岗位能力学习手册汇编_下_1783418427902_28c0bb.pdf","74603807","application/pdf",".pdf","2026-07-07 18:00:28.218725","2026-07-07 18:00:28.218753","3"
"239","tdyw_document_file_public","28","0a55544cecbc01cce56429301f544bfb_compress.jpg","public/folder-28/0a55544cecbc01cce564_1783440784135_b76852.jpg","185271","image/jpeg",".jpg","2026-07-08 00:13:04.142265","2026-07-08 00:13:04.142294","1"
"240","tdyw_document_file_public","28","53149a1ffec8ff9fc5604f913915ae57.jpg","public/folder-28/53149a1ffec8ff9fc560_1783440784154_afb33c.jpg","483646","image/jpeg",".jpg","2026-07-08 00:13:04.161265","2026-07-08 00:13:04.161299","1"
"241","tdyw_document_file_public","28","25113b49acb43a886736ec265f208896.jpg","public/folder-28/25113b49acb43a886736_1783440784173_bb2fa0.jpg","658063","image/jpeg",".jpg","2026-07-08 00:13:04.179763","2026-07-08 00:13:04.179796","1"
"242","tdyw_document_file_public","28","5e23f4b013e21e86fc87d5a9d99ae31c.jpg","public/folder-28/5e23f4b013e21e86fc87_1783440784370_e8fde3.jpg","611608","image/jpeg",".jpg","2026-07-08 00:13:04.377211","2026-07-08 00:13:04.377252","1"
"243","tdyw_document_file_public","28","6913aa7c482bd81a15d0e8ac52331c44.jpg","public/folder-28/6913aa7c482bd81a15d0_1783440784450_7c5202.jpg","401688","image/jpeg",".jpg","2026-07-08 00:13:04.454953","2026-07-08 00:13:04.454982","1"
"244","tdyw_document_file_public","28","6bd91df9de6434d6432e8cb92c2e4a5a.jpg","public/folder-28/6bd91df9de6434d6432e_1783440784548_6447ac.jpg","572995","image/jpeg",".jpg","2026-07-08 00:13:04.555238","2026-07-08 00:13:04.555285","1"
"245","tdyw_document_file_public","28","86d20f1cf411e9a0aeaae3d3cb419519.jpg","public/folder-28/86d20f1cf411e9a0aeaa_1783440784640_3a34dd.jpg","527942","image/jpeg",".jpg","2026-07-08 00:13:04.649361","2026-07-08 00:13:04.649413","1"
"246","tdyw_document_file_public","28","8b7899cd3597dab73c0a29bc56ba15c2.jpg","public/folder-28/8b7899cd3597dab73c0a_1783440784713_da5706.jpg","424080","image/jpeg",".jpg","2026-07-08 00:13:04.717631","2026-07-08 00:13:04.717680","1"
"247","tdyw_document_file_public","28","92c8b0e56cbdbf4d3ab654950881eec9_compress.jpg","public/folder-28/92c8b0e56cbdbf4d3ab6_1783440784777_08fec6.jpg","168633","image/jpeg",".jpg","2026-07-08 00:13:04.781683","2026-07-08 00:13:04.781709","1"
"248","tdyw_document_file_public","28","da1a3615c693825a3d4a2aa1e9341ce4.jpg","public/folder-28/da1a3615c693825a3d4a_1783440785037_3e0f55.jpg","1994631","image/jpeg",".jpg","2026-07-08 00:13:05.048522","2026-07-08 00:13:05.048559","1"
"249","tdyw_document_file_public","28","ee62b820151a24f479b7ec2e0437e828.jpg","public/folder-28/ee62b820151a24f479b7_1783440785053_877350.jpg","431958","image/jpeg",".jpg","2026-07-08 00:13:05.058128","2026-07-08 00:13:05.058153","1"
"250","tdyw_document_file_public","28","f2c20285762385a8606ee45bb62b43e0.jpg","public/folder-28/f2c20285762385a8606e_1783440785135_2d3db7.jpg","510288","image/jpeg",".jpg","2026-07-08 00:13:05.140729","2026-07-08 00:13:05.140761","1"
"251","tdyw_document_file_public","29","4b8710758dee5edd1632adedb6fe4676.jpg","public/folder-29/4b8710758dee5edd1632_1783440830092_5ffd51.jpg","254291","image/jpeg",".jpg","2026-07-08 00:13:50.103877","2026-07-08 00:13:50.103971","1"
"252","tdyw_document_file_public","29","21582a25-746f-46dd-ba66-6047a3af8984.jpg","public/folder-29/21582a25-746f-46dd-b_1783440830787_616b07.jpg","3753605","image/jpeg",".jpg","2026-07-08 00:13:50.797648","2026-07-08 00:13:50.797682","1"
"253","tdyw_document_file_public","29","8a9a8e9c-355f-45cb-96b0-7a3982c26e3c.jpg","public/folder-29/8a9a8e9c-355f-45cb-9_1783440830815_991915.jpg","4345473","image/jpeg",".jpg","2026-07-08 00:13:50.832663","2026-07-08 00:13:50.832718","1"
"254","tdyw_document_file_public","29","8bb33a23-4f70-4d85-86e3-cf9f68ef75f2.jpg","public/folder-29/8bb33a23-4f70-4d85-8_1783440831006_67af99.jpg","2485926","image/jpeg",".jpg","2026-07-08 00:13:51.017372","2026-07-08 00:13:51.017406","1"
"255","tdyw_document_file_public","29","bb5cfd39c2777facf8c779865e9bf6cd.jpg","public/folder-29/bb5cfd39c2777facf8c7_1783440831113_5e435d.jpg","289356","image/jpeg",".jpg","2026-07-08 00:13:51.119499","2026-07-08 00:13:51.119526","1"
"256","tdyw_document_file_public","29","db62628da2f293c656cc29519cf5942b.jpg","public/folder-29/db62628da2f293c656cc_1783440831136_69e091.jpg","252739","image/jpeg",".jpg","2026-07-08 00:13:51.140449","2026-07-08 00:13:51.140474","1"
"257","tdyw_document_file_public","29","fe159d604931551afc522fdcf4472465.jpg","public/folder-29/fe159d604931551afc52_1783440831211_e4dab6.jpg","274126","image/jpeg",".jpg","2026-07-08 00:13:51.215636","2026-07-08 00:13:51.215662","1"
"258","tdyw_document_file_public","30","全员经常性安全教育培训(空白页）.doc","public/folder-30/全员经常性安全教育培训(空白页）_1783440847110_aa645a.doc","44032","application/msword",".doc","2026-07-08 00:14:07.114396","2026-07-08 00:14:07.114425","1"
"259","tdyw_document_file_public","30","RGS站设备维护表.docx","public/folder-30/RGS站设备维护表_1783440847148_182dc6.docx","73998","application/vnd.openxmlformats-officedocument.wordprocessingml.document",".docx","2026-07-08 00:14:07.153150","2026-07-08 00:14:07.153175","1"
"260","tdyw_document_file_public","30","T2航站楼廊桥图（原版）.docx","public/folder-30/T2航站楼廊桥图（原版）_1783440847204_646f4f.docx","1072250","application/vnd.openxmlformats-officedocument.wordprocessingml.document",".docx","2026-07-08 00:14:07.210219","2026-07-08 00:14:07.210245","1"
"261","tdyw_document_file_public","30","全员经常性安全教育培训.docx","public/folder-30/全员经常性安全教育培训_1783440847301_b7cf75.docx","11543","application/vnd.openxmlformats-officedocument.wordprocessingml.document",".docx","2026-07-08 00:14:07.306625","2026-07-08 00:14:07.306654","1"
"262","tdyw_document_file_public","30","成绩记录表.docx","public/folder-30/成绩记录表_1783440847302_78f8e8.docx","11526","application/vnd.openxmlformats-officedocument.wordprocessingml.document",".docx","2026-07-08 00:14:07.307314","2026-07-08 00:14:07.307342","1"
"263","tdyw_document_file_public","30","烟台机场机坪驾驶员档案.xls","public/folder-30/烟台机场机坪驾驶员档案_1783440847367_a5821b.xls","21504","application/vnd.ms-excel",".xls","2026-07-08 00:14:07.378917","2026-07-08 00:14:07.378946","1"
"264","tdyw_document_file_public","30","甚高频车载.doc","public/folder-30/甚高频车载_1783440847494_9031e4.doc","23552","application/msword",".doc","2026-07-08 00:14:07.501047","2026-07-08 00:14:07.501081","1"
"265","tdyw_document_file_public","30","蓬莱停机位图23.12.29(1)_00.png","public/folder-30/蓬莱停机位图23.12.29(1)_00_1783440847822_e5b250.png","1061136","image/png",".png","2026-07-08 00:14:07.827966","2026-07-08 00:14:07.827993","1"
"266","tdyw_document_file_public","30","航站楼廊桥图（横版）.jpg","public/folder-30/航站楼廊桥图（横版）_1783440847831_26fca4.jpg","2734499","image/jpeg",".jpg","2026-07-08 00:14:07.840016","2026-07-08 00:14:07.840042","1"
"267","tdyw_document_file_public","30","进入门岗物资清单.doc","public/folder-30/进入门岗物资清单_1783440847884_0ac194.doc","29863","application/msword",".doc","2026-07-08 00:14:07.890895","2026-07-08 00:14:07.890938","1"
"268","tdyw_document_file_public","30","进近新扇区频率测试表.doc","public/folder-30/进近新扇区频率测试表_1783440848032_df3a5e.doc","44032","application/msword",".doc","2026-07-08 00:14:08.039853","2026-07-08 00:14:08.039903","1"
"269","tdyw_document_file_public","30","频率飞行校验表.doc","public/folder-30/频率飞行校验表_1783440848081_288550.doc","52224","application/msword",".doc","2026-07-08 00:14:08.087453","2026-07-08 00:14:08.087496","1"
"270","tdyw_document_file_public","31","印刷台账明细.xls","public/folder-31/印刷台账明细_1783440848121_fc9c89.xls","19968","application/vnd.ms-excel",".xls","2026-07-08 00:14:08.130286","2026-07-08 00:14:08.130338","1"
"271","tdyw_document_file_public","31","通信科2024年印刷台账.rar","public/folder-31/通信科2024年印刷台账_1783440848267_8c8900.rar","14889","application/x-compressed",".rar","2026-07-08 00:14:08.271377","2026-07-08 00:14:08.271405","1"
"272","tdyw_document_file_public","31","通信科台账数目.doc","public/folder-31/通信科台账数目_1783440848321_66d064.doc","13824","application/msword",".doc","2026-07-08 00:14:08.325962","2026-07-08 00:14:08.325990","1"
"273","tdyw_document_file_public","31","通信科2025年印刷台账.rar","public/folder-31/通信科2025年印刷台账_1783440848323_2ed294.rar","328669","application/x-compressed",".rar","2026-07-08 00:14:08.329984","2026-07-08 00:14:08.330013","1"
"293","tdyw_document_file_public","33","设备履历簿-航班协同放行系统（简称CDM系统）.doc","public/folder-33/设备履历簿-航班协同放行系统（简称CDM_1783440849730_948d2f.doc","73728","application/msword",".doc","2026-07-08 00:14:09.738462","2026-07-08 00:14:09.738513","1"
"294","tdyw_document_file_public","33","设备履历簿-航管信息处理系统.doc","public/folder-33/设备履历簿-航管信息处理系统_1783440849764_76e48c.doc","73216","application/msword",".doc","2026-07-08 00:14:09.771744","2026-07-08 00:14:09.771794","1"
"295","tdyw_document_file_public","33","设备履历簿-航行信息处理系统.doc","public/folder-33/设备履历簿-航行信息处理系统_1783440849912_99e18d.doc","73216","application/msword",".doc","2026-07-08 00:14:09.919973","2026-07-08 00:14:09.920024","1"
"296","tdyw_document_file_public","33","设备履历簿-航行情报处理系统.doc","public/folder-33/设备履历簿-航行情报处理系统_1783440849978_7223d0.doc","73216","application/msword",".doc","2026-07-08 00:14:09.984857","2026-07-08 00:14:09.984902","1"
"297","tdyw_document_file_public","33","设备履历簿-转报机.doc","public/folder-33/设备履历簿-转报机_1783440850027_a927c4.doc","71680","application/msword",".doc","2026-07-08 00:14:10.034372","2026-07-08 00:14:10.034418","1"
"298","tdyw_document_file_public","33","设备履历簿-转报终端.doc","public/folder-33/设备履历簿-转报终端_1783440850162_14409e.doc","73216","application/msword",".doc","2026-07-08 00:14:10.167248","2026-07-08 00:14:10.167295","1"
"303","tdyw_document_file_public","34","值班日志.doc","public/folder-34/值班日志_1783440850676_21382b.doc","46080","application/msword",".doc","2026-07-08 00:14:10.680021","2026-07-08 00:14:10.680045","1"
"304","tdyw_document_file_public","34","塔台备频、遥控盒运行检查表.wps","public/folder-34/塔台备频、遥控盒运行检查表_1783440850703_627da6.wps","30720","application/kswps",".wps","2026-07-08 00:14:10.707646","2026-07-08 00:14:10.707672","1"
"305","tdyw_document_file_public","34","塔台备频、遥控盒运行检查表（现用）.wps","public/folder-34/塔台备频、遥控盒运行检查表（现用）_1783440850810_9d357e.wps","31744","application/kswps",".wps","2026-07-08 00:14:10.815636","2026-07-08 00:14:10.815689","1"
"306","tdyw_document_file_public","34","工作区、宿舍日消防检查表2015.doc","public/folder-34/工作区、宿舍日消防检查表2015_1783440850854_65a270.doc","108032","application/msword",".doc","2026-07-08 00:14:10.861235","2026-07-08 00:14:10.861282","1"
"307","tdyw_document_file_public","34","进近备频、遥控盒运行检查表.doc","public/folder-34/进近备频、遥控盒运行检查表_1783440850889_a719bf.doc","26624","application/msword",".doc","2026-07-08 00:14:10.896258","2026-07-08 00:14:10.896305","1"
"308","tdyw_document_file_public","34","进近备频、遥控盒运行检查表（现用）.doc","public/folder-34/进近备频、遥控盒运行检查表（现用）_1783440851038_272859.doc","36864","application/msword",".doc","2026-07-08 00:14:11.043940","2026-07-08 00:14:11.043972","1"
"309","tdyw_document_file_public","34","通信导航保障部车辆使用记录表.docx","public/folder-34/通信导航保障部车辆使用记录表_1783440851058_c61a17.docx","13806","application/vnd.openxmlformats-officedocument.wordprocessingml.document",".docx","2026-07-08 00:14:11.062411","2026-07-08 00:14:11.062442","1"
"310","tdyw_document_file_public","34","通信导航保障部车辆使用记录表（改版未印刷202007）.docx","public/folder-34/通信导航保障部车辆使用记录表（改版未印刷_1783440851093_d6faa0.docx","14013","application/vnd.openxmlformats-officedocument.wordprocessingml.document",".docx","2026-07-08 00:14:11.097158","2026-07-08 00:14:11.097183","1"
"311","tdyw_document_file_public","34","通信科班前班后会议记录表.docx","public/folder-34/通信科班前班后会议记录表_1783440851207_419002.docx","18396","application/vnd.openxmlformats-officedocument.wordprocessingml.document",".docx","2026-07-08 00:14:11.211428","2026-07-08 00:14:11.211453","1"
"312","tdyw_document_file_public","34","飞服、运控遥控盒运行检查表.wps","public/folder-34/飞服、运控遥控盒运行检查表_1783440851210_90e9c2.wps","29184","application/kswps",".wps","2026-07-08 00:14:11.214045","2026-07-08 00:14:11.214070","1"
"329","tdyw_document_file_public","35","民航通信网周月维护记录表.docx","public/folder-35/民航通信网周月维护记录表_1783440852407_d85d2e.docx","11898","application/vnd.openxmlformats-officedocument.wordprocessingml.document",".docx","2026-07-08 00:14:12.414748","2026-07-08 00:14:12.414800","1"
"313","tdyw_document_file_public","36","GPS 干扰记录表.docx","public/folder-36/GPS_干扰记录表_1783440851254_11a996.docx","13937","application/vnd.openxmlformats-officedocument.wordprocessingml.document",".docx","2026-07-08 00:14:11.259217","2026-07-08 00:14:11.259249","1"
"314","tdyw_document_file_public","36","GPS干扰汇总 .docx","public/folder-36/GPS干扰汇总_1783440851367_c3e400.docx","12619","application/vnd.openxmlformats-officedocument.wordprocessingml.document",".docx","2026-07-08 00:14:11.371627","2026-07-08 00:14:11.371653","1"
"315","tdyw_document_file_public","36","GPS干扰统计表.doc","public/folder-36/GPS干扰统计表_1783440851399_8d8829.doc","29184","application/msword",".doc","2026-07-08 00:14:11.403430","2026-07-08 00:14:11.403455","1"
"316","tdyw_document_file_public","36","T2频率测试表.doc","public/folder-36/T2频率测试表_1783440851440_185301.doc","100864","application/msword",".doc","2026-07-08 00:14:11.444369","2026-07-08 00:14:11.444395","1"
"317","tdyw_document_file_public","36","TCAS 干扰记录表.docx","public/folder-36/TCAS_干扰记录表_1783440851548_97c5f9.docx","13315","application/vnd.openxmlformats-officedocument.wordprocessingml.document",".docx","2026-07-08 00:14:11.553793","2026-07-08 00:14:11.553824","1"
"318","tdyw_document_file_public","36","YTTD201-400-020 无线电干扰申诉单.doc","public/folder-36/YTTD201-400-020_无线电干_1783440851568_184f8e.doc","67072","application/msword",".doc","2026-07-08 00:14:11.573646","2026-07-08 00:14:11.573687","1"
"319","tdyw_document_file_public","36","停机坪电磁环境干扰记录单 .doc","public/folder-36/停机坪电磁环境干扰记录单_1783440851582_a6d50d.doc","35840","application/msword",".doc","2026-07-08 00:14:11.586643","2026-07-08 00:14:11.586668","1"
"320","tdyw_document_file_public","36","塔台DCL收发不正常记录表.docx","public/folder-36/塔台DCL收发不正常记录表_1783440851715_f6ee0d.docx","14028","application/vnd.openxmlformats-officedocument.wordprocessingml.document",".docx","2026-07-08 00:14:11.721761","2026-07-08 00:14:11.721797","1"
"321","tdyw_document_file_public","36","塔台GPS 干扰记录表.docx","public/folder-36/塔台GPS_干扰记录表_1783440851760_8f362b.docx","12926","application/vnd.openxmlformats-officedocument.wordprocessingml.document",".docx","2026-07-08 00:14:11.766987","2026-07-08 00:14:11.767025","1"
"322","tdyw_document_file_public","36","应急设备日巡检记录.docx","public/folder-36/应急设备日巡检记录_1783440851787_788374.docx","14316","application/vnd.openxmlformats-officedocument.wordprocessingml.document",".docx","2026-07-08 00:14:11.793444","2026-07-08 00:14:11.793483","1"
"323","tdyw_document_file_public","36","无线电干扰汇总.docx","public/folder-36/无线电干扰汇总_1783440851929_80f577.docx","12619","application/vnd.openxmlformats-officedocument.wordprocessingml.document",".docx","2026-07-08 00:14:11.935566","2026-07-08 00:14:11.935609","1"
"324","tdyw_document_file_public","36","无线电干扰申诉单(118.45).doc","public/folder-36/无线电干扰申诉单(118.45)_1783440851936_6bbdd2.doc","24064","application/msword",".doc","2026-07-08 00:14:11.942760","2026-07-08 00:14:11.942809","1"
"325","tdyw_document_file_public","36","无线电干扰规律排序表.docx","public/folder-36/无线电干扰规律排序表_1783440851970_f8b32c.docx","18935","application/vnd.openxmlformats-officedocument.wordprocessingml.document",".docx","2026-07-08 00:14:11.977129","2026-07-08 00:14:11.977173","1"
"326","tdyw_document_file_public","36","通信科廊桥GPS信号丢失汇总.docx","public/folder-36/通信科廊桥GPS信号丢失汇总_1783440852175_a6fa9c.docx","12435","application/vnd.openxmlformats-officedocument.wordprocessingml.document",".docx","2026-07-08 00:14:12.184765","2026-07-08 00:14:12.184815","1"
"327","tdyw_document_file_public","36","无线电干扰记录表.doc","public/folder-36/无线电干扰记录表_1783440852178_37a177.doc","21504","application/msword",".doc","2026-07-08 00:14:12.185778","2026-07-08 00:14:12.185828","1"
"328","tdyw_document_file_public","36","重保活动无线电运行日登记表.docx","public/folder-36/重保活动无线电运行日登记表_1783440852224_10ba5b.docx","29917","application/vnd.openxmlformats-officedocument.wordprocessingml.document",".docx","2026-07-08 00:14:12.232072","2026-07-08 00:14:12.232126","1"
"378","tdyw_document_file_public","37","备用电源专项检查.doc","public/folder-37/备用电源专项检查_1783440855689_023e3e.doc","44544","application/msword",".doc","2026-07-08 00:14:15.694241","2026-07-08 00:14:15.694268","1"
"379","tdyw_document_file_public","37","外来人员进入机房记录表.doc","public/folder-37/外来人员进入机房记录表_1783440855733_176743.doc","19968","application/msword",".doc","2026-07-08 00:14:15.737931","2026-07-08 00:14:15.737961","1"
"380","tdyw_document_file_public","37","安全生产月安全隐患排查表.docx","public/folder-37/安全生产月安全隐患排查表_1783440855847_d5f8c9.docx","18657","application/vnd.openxmlformats-officedocument.wordprocessingml.document",".docx","2026-07-08 00:14:15.851411","2026-07-08 00:14:15.851442","1"
"381","tdyw_document_file_public","37","廊桥电磁环境检测.rtf","public/folder-37/廊桥电磁环境检测_1783440855875_cf0c60.rtf","149925","application/msword",".rtf","2026-07-08 00:14:15.880225","2026-07-08 00:14:15.880259","1"
"382","tdyw_document_file_public","37","月度安全检查表.docx","public/folder-37/月度安全检查表_1783440855889_9dae9a.docx","21093","application/vnd.openxmlformats-officedocument.wordprocessingml.document",".docx","2026-07-08 00:14:15.895013","2026-07-08 00:14:15.895045","1"
"383","tdyw_document_file_public","37","机场车辆防自燃检查单.docx","public/folder-37/机场车辆防自燃检查单_1783440856042_b8bca5.docx","15330","application/vnd.openxmlformats-officedocument.wordprocessingml.document",".docx","2026-07-08 00:14:16.046608","2026-07-08 00:14:16.046636","1"
"384","tdyw_document_file_public","37","电台功率测试表.rtf","public/folder-37/电台功率测试表_1783440856057_e43e4f.rtf","54920","application/msword",".rtf","2026-07-08 00:14:16.071754","2026-07-08 00:14:16.071794","1"
"385","tdyw_document_file_public","37","车载台手持台检查表.docx","public/folder-37/车载台手持台检查表_1783440856100_5c92f4.docx","13455","application/vnd.openxmlformats-officedocument.wordprocessingml.document",".docx","2026-07-08 00:14:16.104235","2026-07-08 00:14:16.104260","1"
"386","tdyw_document_file_public","37","通信科.doc","public/folder-37/通信科_1783440856188_f993dc.doc","9216","application/msword",".doc","2026-07-08 00:14:16.193030","2026-07-08 00:14:16.193059","1"
"387","tdyw_document_file_public","37","通信科停电应急专项检查单.docx","public/folder-37/通信科停电应急专项检查单_1783440856231_caebca.docx","24832","application/vnd.openxmlformats-officedocument.wordprocessingml.document",".docx","2026-07-08 00:14:16.236902","2026-07-08 00:14:16.236938","1"
"388","tdyw_document_file_public","37","通信科冬季安全隐患排查表.docx","public/folder-37/通信科冬季安全隐患排查表_1783440856257_e4af83.docx","17089","application/vnd.openxmlformats-officedocument.wordprocessingml.document",".docx","2026-07-08 00:14:16.262473","2026-07-08 00:14:16.262509","1"
"389","tdyw_document_file_public","37","通信科消防器材检查记录表.docx","public/folder-37/通信科消防器材检查记录表_1783440856339_5a4bae.docx","14257","application/vnd.openxmlformats-officedocument.wordprocessingml.document",".docx","2026-07-08 00:14:16.345218","2026-07-08 00:14:16.345255","1"
"390","tdyw_document_file_public","37","通信科消防安全自查表.doc","public/folder-37/通信科消防安全自查表_1783440856411_50dca2.doc","22528","application/msword",".doc","2026-07-08 00:14:16.418169","2026-07-08 00:14:16.418208","1"
"391","tdyw_document_file_public","37","通信科消防检查单.docx","public/folder-37/通信科消防检查单_1783440856416_284641.docx","14317","application/vnd.openxmlformats-officedocument.wordprocessingml.document",".docx","2026-07-08 00:14:16.422400","2026-07-08 00:14:16.422437","1"
"392","tdyw_document_file_public","37","通信科移动存储设备使用登记表.doc","public/folder-37/通信科移动存储设备使用登记表_1783440856537_a0ec53.doc","50688","application/msword",".doc","2026-07-08 00:14:16.544210","2026-07-08 00:14:16.544237","1"
"393","tdyw_document_file_public","37","通信科终端密码更新检查表 -.doc","public/folder-37/通信科终端密码更新检查表_-_1783440856629_b2bdf7.doc","35840","application/msword",".doc","2026-07-08 00:14:16.636785","2026-07-08 00:14:16.636834","1"
"394","tdyw_document_file_public","37","通信科系统冗余配置及重要备件.doc","public/folder-37/通信科系统冗余配置及重要备件_1783440856639_e9242d.doc","31744","application/msword",".doc","2026-07-08 00:14:16.646797","2026-07-08 00:14:16.646844","1"
"395","tdyw_document_file_public","37","通信科终端操作系统登录密码修改.doc","public/folder-37/通信科终端操作系统登录密码修改_1783440856750_034cd9.doc","22016","application/msword",".doc","2026-07-08 00:14:16.756762","2026-07-08 00:14:16.756797","1"
"396","tdyw_document_file_public","37","通信科终端操作系统登录密码修改表.doc","public/folder-37/通信科终端操作系统登录密码修改表_1783440856832_5d5bdc.doc","22016","application/msword",".doc","2026-07-08 00:14:16.839120","2026-07-08 00:14:16.839157","1"
"397","tdyw_document_file_public","37","通信科终端网络信息安全检查表.doc","public/folder-37/通信科终端网络信息安全检查表_1783440856862_15dbe0.doc","59904","application/msword",".doc","2026-07-08 00:14:16.869432","2026-07-08 00:14:16.869488","1"
"398","tdyw_document_file_public","37","通信科避雷接地检查表.doc","public/folder-37/通信科避雷接地检查表_1783440856968_a0fb84.doc","31744","application/msword",".doc","2026-07-08 00:14:16.973304","2026-07-08 00:14:16.973333","1"
"399","tdyw_document_file_public","37","通信科重大保障活动前专项检查.doc","public/folder-37/通信科重大保障活动前专项检查_1783440857052_34660c.doc","75776","application/msword",".doc","2026-07-08 00:14:17.059929","2026-07-08 00:14:17.059975","1"
"400","tdyw_document_file_public","37","错报统计表.doc","public/folder-37/错报统计表_1783440857098_1e9bac.doc","36352","application/msword",".doc","2026-07-08 00:14:17.104940","2026-07-08 00:14:17.104998","1"
"401","tdyw_document_file_public","37","雷雨天气前后检查单.docx","public/folder-37/雷雨天气前后检查单_1783440857208_365a82.docx","22318","application/vnd.openxmlformats-officedocument.wordprocessingml.document",".docx","2026-07-08 00:14:17.216111","2026-07-08 00:14:17.216163","1"
"352","tdyw_document_file_public","38","2023年度内场车辖区通行证.docx","public/folder-38/2023年度内场车辖区通行证_1783440854016_bddd4a.docx","13501","application/vnd.openxmlformats-officedocument.wordprocessingml.document",".docx","2026-07-08 00:14:14.020533","2026-07-08 00:14:14.020560","1"
"353","tdyw_document_file_public","38","民用机场航空器活动区机动车驾驶员申请表.docx","public/folder-38/民用机场航空器活动区机动车驾驶员申请表_1783440854026_4ed294.docx","13483","application/vnd.openxmlformats-officedocument.wordprocessingml.document",".docx","2026-07-08 00:14:14.029955","2026-07-08 00:14:14.029980","1"
"354","tdyw_document_file_public","38","烟台蓬莱国际机场控制区临时通行证审批表1.docx","public/folder-38/烟台蓬莱国际机场控制区临时通行证审批表1_1783440854146_247562.docx","507074","application/vnd.openxmlformats-officedocument.wordprocessingml.document",".docx","2026-07-08 00:14:14.151116","2026-07-08 00:14:14.151140","1"
"288","tdyw_document_file_public","39","工作区、宿舍日消防检查表2015.doc","public/folder-39/工作区、宿舍日消防检查表2015_1783440849315_c2cdbb.doc","111616","application/msword",".doc","2026-07-08 00:14:09.321338","2026-07-08 00:14:09.321377","1"
"289","tdyw_document_file_public","39","车辆使用记录表.doc","public/folder-39/车辆使用记录表_1783440849432_a44fe1.doc","49664","application/msword",".doc","2026-07-08 00:14:09.440360","2026-07-08 00:14:09.440401","1"
"290","tdyw_document_file_public","39","通信科值班日志.doc","public/folder-39/通信科值班日志_1783440849490_f0431c.doc","131584","application/msword",".doc","2026-07-08 00:14:09.496681","2026-07-08 00:14:09.496725","1"
"291","tdyw_document_file_public","39","通信科班前班后会议记录表.docx","public/folder-39/通信科班前班后会议记录表_1783440849536_1c7d8e.docx","18396","application/vnd.openxmlformats-officedocument.wordprocessingml.document",".docx","2026-07-08 00:14:09.545189","2026-07-08 00:14:09.545239","1"
"292","tdyw_document_file_public","39","通信科设备日巡视记录表.doc","public/folder-39/通信科设备日巡视记录表_1783440849688_ec104a.doc","49152","application/msword",".doc","2026-07-08 00:14:09.695712","2026-07-08 00:14:09.695760","1"
"299","tdyw_document_file_public","40","烟台机场舆情（负面信息）快报单.doc","public/folder-40/烟台机场舆情（负面信息）快报单_1783440850218_930329.doc","513536","application/msword",".doc","2026-07-08 00:14:10.223826","2026-07-08 00:14:10.223874","1"
"300","tdyw_document_file_public","40","烟台机场舆情（负面信息）转办单.doc","public/folder-40/烟台机场舆情（负面信息）转办单_1783440850325_172b85.doc","513536","application/msword",".doc","2026-07-08 00:14:10.333536","2026-07-08 00:14:10.333577","1"
"274","tdyw_document_file_public","41","SANTAK 不间断电源UPS周月维护记录表.doc","public/folder-41/SANTAK_不间断电源UPS周月维护记_1783440848440_7c89e5.doc","43008","application/msword",".doc","2026-07-08 00:14:08.446260","2026-07-08 00:14:08.446298","1"
"275","tdyw_document_file_public","41","信息处理系统周、月维护表.doc","public/folder-41/信息处理系统周、月维护表_1783440848520_ead69d.doc","65536","application/msword",".doc","2026-07-08 00:14:08.526551","2026-07-08 00:14:08.526593","1"
"276","tdyw_document_file_public","41","SANTAK 不间断电源UPS周月维护记录表新表.doc","public/folder-41/SANTAK_不间断电源UPS周月维护记_1783440848528_dfa6a8.doc","28160","application/msword",".doc","2026-07-08 00:14:08.535435","2026-07-08 00:14:08.535479","1"
"277","tdyw_document_file_public","41","塔台设备间DTR 100型甚高频收发信机季维护记录表.docx","public/folder-41/塔台设备间DTR_100型甚高频收发信机_1783440848665_a55ce0.docx","23088","application/vnd.openxmlformats-officedocument.wordprocessingml.document",".docx","2026-07-08 00:14:08.669324","2026-07-08 00:14:08.669349","1"
"278","tdyw_document_file_public","41","站坪塔台DTR100周月维护记录表.docx","public/folder-41/站坪塔台DTR100周月维护记录表_1783440848737_065c30.docx","22220","application/vnd.openxmlformats-officedocument.wordprocessingml.document",".docx","2026-07-08 00:14:08.745558","2026-07-08 00:14:08.745601","1"
"279","tdyw_document_file_public","41","塔台设备间DTR100周月维护记录表.doc","public/folder-41/塔台设备间DTR100周月维护记录表_1783440848742_d96687.doc","42496","application/msword",".doc","2026-07-08 00:14:08.751576","2026-07-08 00:14:08.751605","1"
"280","tdyw_document_file_public","41","站坪塔台DTR100季维护记录表.docx","public/folder-41/站坪塔台DTR100季维护记录表_1783440848837_297ea7.docx","28712","application/vnd.openxmlformats-officedocument.wordprocessingml.document",".docx","2026-07-08 00:14:08.841593","2026-07-08 00:14:08.841618","1"
"281","tdyw_document_file_public","41","综合业务楼DTR 100型甚高频收发信机季维护记录表.docx","public/folder-41/综合业务楼DTR_100型甚高频收发信机_1783440848913_ef8023.docx","21571","application/vnd.openxmlformats-officedocument.wordprocessingml.document",".docx","2026-07-08 00:14:08.919272","2026-07-08 00:14:08.919312","1"
"282","tdyw_document_file_public","41","综合业务楼DTR100周月维护记录表.doc","public/folder-41/综合业务楼DTR100周月维护记录表_1783440848924_860658.doc","51712","application/msword",".doc","2026-07-08 00:14:08.935837","2026-07-08 00:14:08.935888","1"
"283","tdyw_document_file_public","41","自动转报机周维护记录表.doc","public/folder-41/自动转报机周维护记录表_1783440849036_7b322e.doc","45056","application/msword",".doc","2026-07-08 00:14:09.043979","2026-07-08 00:14:09.044024","1"
"284","tdyw_document_file_public","41","自动转报机月维护记录表.docx","public/folder-41/自动转报机月维护记录表_1783440849127_d496eb.docx","13224","application/vnd.openxmlformats-officedocument.wordprocessingml.document",".docx","2026-07-08 00:14:09.134183","2026-07-08 00:14:09.134233","1"
"285","tdyw_document_file_public","41","自动转报机季维护记录表.docx","public/folder-41/自动转报机季维护记录表_1783440849131_b56395.docx","13716","application/vnd.openxmlformats-officedocument.wordprocessingml.document",".docx","2026-07-08 00:14:09.138835","2026-07-08 00:14:09.138884","1"
"286","tdyw_document_file_public","41","自动转报终端周、月维护表.docx","public/folder-41/自动转报终端周、月维护表_1783440849254_250c56.docx","26214","application/vnd.openxmlformats-officedocument.wordprocessingml.document",".docx","2026-07-08 00:14:09.261105","2026-07-08 00:14:09.261143","1"
"287","tdyw_document_file_public","41","通信科消防检查单.doc","public/folder-41/通信科消防检查单_1783440849305_ac2750.doc","43520","application/msword",".doc","2026-07-08 00:14:09.311194","2026-07-08 00:14:09.311229","1"
"330","tdyw_document_file_public","42","自动转报机周维护记录表.docx","public/folder-42/自动转报机周维护记录表_1783440852512_824318.docx","13603","application/vnd.openxmlformats-officedocument.wordprocessingml.document",".docx","2026-07-08 00:14:12.519688","2026-07-08 00:14:12.519718","1"
"331","tdyw_document_file_public","42","自动转报机季维护记录表.docx","public/folder-42/自动转报机季维护记录表_1783440852536_7759eb.docx","13716","application/vnd.openxmlformats-officedocument.wordprocessingml.document",".docx","2026-07-08 00:14:12.541830","2026-07-08 00:14:12.541879","1"
"332","tdyw_document_file_public","42","自动转报机月维护记录表.docx","public/folder-42/自动转报机月维护记录表_1783440852598_6429a5.docx","13224","application/vnd.openxmlformats-officedocument.wordprocessingml.document",".docx","2026-07-08 00:14:12.602011","2026-07-08 00:14:12.602038","1"
"333","tdyw_document_file_public","42","自动转报系统定检报记录表.docx","public/folder-42/自动转报系统定检报记录表_1783440852694_68d1f9.docx","13631","application/vnd.openxmlformats-officedocument.wordprocessingml.document",".docx","2026-07-08 00:14:12.700313","2026-07-08 00:14:12.700352","1"
"334","tdyw_document_file_public","42","自动转报终端入网申请表.docx","public/folder-42/自动转报终端入网申请表_1783440852749_4cdf2e.docx","12746","application/vnd.openxmlformats-officedocument.wordprocessingml.document",".docx","2026-07-08 00:14:12.756840","2026-07-08 00:14:12.756891","1"
"335","tdyw_document_file_public","42","自动转报终端周、月维护表.docx","public/folder-42/自动转报终端周、月维护表_1783440852807_b04473.docx","26214","application/vnd.openxmlformats-officedocument.wordprocessingml.document",".docx","2026-07-08 00:14:12.811858","2026-07-08 00:14:12.811891","1"
"336","tdyw_document_file_public","42","自动转报终端季维护表.docx","public/folder-42/自动转报终端季维护表_1783440852892_7819d8.docx","21179","application/vnd.openxmlformats-officedocument.wordprocessingml.document",".docx","2026-07-08 00:14:12.899458","2026-07-08 00:14:12.899502","1"
"337","tdyw_document_file_public","43","YTTD201-400-016 塔台设备间DTR100周月维护记录表.doc","public/folder-43/YTTD201-400-016_塔台设备_1783440852946_f4d133.doc","33792","application/msword",".doc","2026-07-08 00:14:12.951919","2026-07-08 00:14:12.951956","1"
"338","tdyw_document_file_public","43","YTTD201-400-018 综合业务楼DTR100周月维护记录表.doc","public/folder-43/YTTD201-400-018_综合业务_1783440852978_1025cc.doc","44544","application/msword",".doc","2026-07-08 00:14:12.985857","2026-07-08 00:14:12.985925","1"
"339","tdyw_document_file_public","43","塔台设备间DTR 100型甚高频收发信机季维护记录表.docx","public/folder-43/塔台设备间DTR_100型甚高频收发信机_1783440853104_bbffee.docx","20868","application/vnd.openxmlformats-officedocument.wordprocessingml.document",".docx","2026-07-08 00:14:13.111305","2026-07-08 00:14:13.111353","1"
"340","tdyw_document_file_public","43","烟台蓬莱机场管制VHF频率飞行校验记录表.doc","public/folder-43/烟台蓬莱机场管制VHF频率飞行校验记录表_1783440853143_ae9cb9.doc","29184","application/msword",".doc","2026-07-08 00:14:13.151387","2026-07-08 00:14:13.151439","1"
"341","tdyw_document_file_public","43","站坪塔台DTR 100型甚高频收发信机季维护记录表.docx","public/folder-43/站坪塔台DTR_100型甚高频收发信机季_1783440853239_c85959.docx","18195","application/vnd.openxmlformats-officedocument.wordprocessingml.document",".docx","2026-07-08 00:14:13.247395","2026-07-08 00:14:13.247446","1"
"342","tdyw_document_file_public","43","综合业务楼DTR 100型甚高频收发信机季维护记录表.docx","public/folder-43/综合业务楼DTR_100型甚高频收发信机_1783440853353_3f0ba3.docx","18885","application/vnd.openxmlformats-officedocument.wordprocessingml.document",".docx","2026-07-08 00:14:13.358595","2026-07-08 00:14:13.358622","1"
"301","tdyw_document_file_public","44","0动火证.doc","public/folder-44/0动火证_1783440850439_202525.doc","681063","application/msword",".doc","2026-07-08 00:14:10.447002","2026-07-08 00:14:10.447049","1"
"302","tdyw_document_file_public","44","山东好焊操作手册.docx","public/folder-44/山东好焊操作手册_1783440850639_903e78.docx","1272882","application/vnd.openxmlformats-officedocument.wordprocessingml.document",".docx","2026-07-08 00:14:10.649391","2026-07-08 00:14:10.649438","1"
"349","tdyw_document_file_public","45","KU卫星系统周维护记录表.doc","public/folder-45/KU卫星系统周维护记录表_1783440853753_2582eb.doc","18432","application/msword",".doc","2026-07-08 00:14:13.759857","2026-07-08 00:14:13.759902","1"
"350","tdyw_document_file_public","45","KU卫星系统季维护记录表.doc","public/folder-45/KU卫星系统季维护记录表_1783440853791_77fa04.doc","16384","application/msword",".doc","2026-07-08 00:14:13.797946","2026-07-08 00:14:13.797990","1"
"351","tdyw_document_file_public","45","KU卫星系统月维护记录表.doc","public/folder-45/KU卫星系统月维护记录表_1783440853928_c66b96.doc","18432","application/msword",".doc","2026-07-08 00:14:13.933772","2026-07-08 00:14:13.933804","1"
"344","tdyw_document_file_public","46","SANTAK 10KVA不间断电源周月维护记录表.docx","public/folder-46/SANTAK_10KVA不间断电源周月维_1783440853421_3935e1.docx","12744","application/vnd.openxmlformats-officedocument.wordprocessingml.document",".docx","2026-07-08 00:14:13.425167","2026-07-08 00:14:13.425194","1"
"345","tdyw_document_file_public","46","站坪塔台直流配电柜季维护表.docx","public/folder-46/站坪塔台直流配电柜季维护表_1783440853509_9f0f4f.docx","16146","application/vnd.openxmlformats-officedocument.wordprocessingml.document",".docx","2026-07-08 00:14:13.514083","2026-07-08 00:14:13.514117","1"
"346","tdyw_document_file_public","46","综业楼12CH甚高频机房直流配电柜季维护记录表.docx","public/folder-46/综业楼12CH甚高频机房直流配电柜季维护_1783440853518_c625f8.docx","16038","application/vnd.openxmlformats-officedocument.wordprocessingml.document",".docx","2026-07-08 00:14:13.525014","2026-07-08 00:14:13.525047","1"
"347","tdyw_document_file_public","46","航管楼直流配电柜季维护表.docx","public/folder-46/航管楼直流配电柜季维护表_1783440853569_b858be.docx","16106","application/vnd.openxmlformats-officedocument.wordprocessingml.document",".docx","2026-07-08 00:14:13.574360","2026-07-08 00:14:13.574392","1"
"348","tdyw_document_file_public","46","通信科ASNTAK不间断UPS季维护记录表.doc","public/folder-46/通信科ASNTAK不间断UPS季维护记录_1783440853715_ab83c4.doc","46080","application/msword",".doc","2026-07-08 00:14:13.721948","2026-07-08 00:14:13.721988","1"
"343","tdyw_document_file_public","47","D-ATIS系统季维护记录表.docx","public/folder-47/D-ATIS系统季维护记录表_1783440853371_e3a003.docx","14411","application/vnd.openxmlformats-officedocument.wordprocessingml.document",".docx","2026-07-08 00:14:13.375848","2026-07-08 00:14:13.375874","1"
"369","tdyw_document_file_public","48","临时通行证审批表2021.doc","public/folder-48/临时通行证审批表2021_1783440854991_664cda.doc","20992","application/msword",".doc","2026-07-08 00:14:14.998987","2026-07-08 00:14:14.999025","1"
"370","tdyw_document_file_public","48","办证说明.txt","public/folder-48/办证说明_1783440855094_8f4db6.txt","248","text/plain",".txt","2026-07-08 00:14:15.100478","2026-07-08 00:14:15.100517","1"
"371","tdyw_document_file_public","48","培训题答案修订版.doc","public/folder-48/培训题答案修订版_1783440855171_40e366.doc","29696","application/msword",".doc","2026-07-08 00:14:15.178008","2026-07-08 00:14:15.178051","1"
"372","tdyw_document_file_public","48","控制区通行证考试试卷.doc","public/folder-48/控制区通行证考试试卷_1783440855224_1043a0.doc","32256","application/msword",".doc","2026-07-08 00:14:15.231132","2026-07-08 00:14:15.231176","1"
"373","tdyw_document_file_public","48","通行证审批表(2021.09.05最新).doc","public/folder-48/通行证审批表(2021.09.05最新)_1783440855310_0e329a.doc","142848","application/msword",".doc","2026-07-08 00:14:15.322046","2026-07-08 00:14:15.322088","1"
"355","tdyw_document_file_public","49","内场车行驶证年审审批表.xls","public/folder-49/内场车行驶证年审审批表_1783440854239_fcc696.xls","24576","application/vnd.ms-excel",".xls","2026-07-08 00:14:14.243944","2026-07-08 00:14:14.243975","1"
"356","tdyw_document_file_public","49","2022内场车通行证样表.docx","public/folder-49/2022内场车通行证样表_1783440854239_8f5fe8.docx","13267","application/vnd.openxmlformats-officedocument.wordprocessingml.document",".docx","2026-07-08 00:14:14.244258","2026-07-08 00:14:14.244289","1"
"357","tdyw_document_file_public","49","内场车驾驶员申请表.docx","public/folder-49/内场车驾驶员申请表_1783440854320_a0a039.docx","13926","application/vnd.openxmlformats-officedocument.wordprocessingml.document",".docx","2026-07-08 00:14:14.324905","2026-07-08 00:14:14.324933","1"
"358","tdyw_document_file_public","49","机动车检验表.docx","public/folder-49/机动车检验表_1783440854407_7b8067.docx","11886","application/vnd.openxmlformats-officedocument.wordprocessingml.document",".docx","2026-07-08 00:14:14.411806","2026-07-08 00:14:14.411833","1"
"359","tdyw_document_file_public","49","内场车驾驶证年审审批表.xls","public/folder-49/内场车驾驶证年审审批表_1783440854415_26fcd5.xls","24064","application/vnd.ms-excel",".xls","2026-07-08 00:14:14.419527","2026-07-08 00:14:14.419553","1"
"360","tdyw_document_file_public","49","烟台蓬莱国际机场控制区临时通行证审批表.pdf","public/folder-49/烟台蓬莱国际机场控制区临时通行证审批表_1783440854468_366fb4.pdf","134503","application/pdf",".pdf","2026-07-08 00:14:14.472340","2026-07-08 00:14:14.472368","1"
"361","tdyw_document_file_public","49","烟台蓬莱国际机场控制区临时通行证审批表1.docx","public/folder-49/烟台蓬莱国际机场控制区临时通行证审批表1_1783440854560_c04cf2.docx","244767","application/vnd.openxmlformats-officedocument.wordprocessingml.document",".docx","2026-07-08 00:14:14.565484","2026-07-08 00:14:14.568648","1"
"362","tdyw_document_file_public","49","烟台蓬莱国际机场短期通行证审批表.pdf","public/folder-49/烟台蓬莱国际机场短期通行证审批表_1783440854587_00aaa7.pdf","162096","application/pdf",".pdf","2026-07-08 00:14:14.592427","2026-07-08 00:14:14.592464","1"
"363","tdyw_document_file_public","49","烟台蓬莱国际机场通行证区域变更审批表_253442.docx","public/folder-49/烟台蓬莱国际机场通行证区域变更审批表_2_1783440854630_2b0650.docx","16860","application/vnd.openxmlformats-officedocument.wordprocessingml.document",".docx","2026-07-08 00:14:14.637343","2026-07-08 00:14:14.637384","1"
"364","tdyw_document_file_public","49","设备紧急抢修审批单.docx","public/folder-49/设备紧急抢修审批单_1783440854734_d6b077.docx","12031","application/vnd.openxmlformats-officedocument.wordprocessingml.document",".docx","2026-07-08 00:14:14.743279","2026-07-08 00:14:14.743321","1"
"365","tdyw_document_file_public","49","车辆长期通行证审批表.doc","public/folder-49/车辆长期通行证审批表_1783440854778_079529.doc","17920","application/msword",".doc","2026-07-08 00:14:14.785041","2026-07-08 00:14:14.785085","1"
"366","tdyw_document_file_public","50","XX单位车辆汇总表.xlsx","public/folder-50/XX单位车辆汇总表_1783440854811_c9af4a.xlsx","10035","application/vnd.openxmlformats-officedocument.spreadsheetml.sheet",".xlsx","2026-07-08 00:14:14.822588","2026-07-08 00:14:14.822636","1"
"367","tdyw_document_file_public","50","公告板发文年审车辆.docx","public/folder-50/公告板发文年审车辆_1783440854934_3512bf.docx","17272","application/vnd.openxmlformats-officedocument.wordprocessingml.document",".docx","2026-07-08 00:14:14.945116","2026-07-08 00:14:14.945147","1"
"368","tdyw_document_file_public","50","内场车年审审批表.xls","public/folder-50/内场车年审审批表_1783440854981_68cb0d.xls","22016","application/vnd.ms-excel",".xls","2026-07-08 00:14:14.987038","2026-07-08 00:14:14.987076","1"
"374","tdyw_document_file_public","51","AC候机楼.doc","public/folder-51/AC候机楼_1783440855422_ceca4d.doc","50688","application/msword",".doc","2026-07-08 00:14:15.434309","2026-07-08 00:14:15.434363","1"
"375","tdyw_document_file_public","51","BH.doc","public/folder-51/BH_1783440855466_d8844e.doc","17408","application/msword",".doc","2026-07-08 00:14:15.473493","2026-07-08 00:14:15.473544","1"
"376","tdyw_document_file_public","51","DEF飞行区.doc","public/folder-51/DEF飞行区_1783440855552_cb55b1.doc","86016","application/msword",".doc","2026-07-08 00:14:15.562418","2026-07-08 00:14:15.562471","1"
"377","tdyw_document_file_public","51","GH.doc","public/folder-51/GH_1783440855669_f7128c.doc","16896","application/msword",".doc","2026-07-08 00:14:15.675414","2026-07-08 00:14:15.675441","1"
